partition,model,capacity,flagged,events_captured,recall,precision
exposed_validation,candidate,0.1,450,327,0.32831325301204817,0.7266666666666667
exposed_validation,candidate,0.2,900,540,0.5421686746987951,0.6
exposed_validation,candidate,0.3,1350,661,0.6636546184738956,0.48962962962962964
exposed_validation,candidate,0.4,1800,741,0.7439759036144579,0.4116666666666667
exposed_validation,candidate,0.5,2250,810,0.8132530120481928,0.36
exposed_validation,cv_reference_refit,0.1,450,330,0.3313253012048193,0.7333333333333333
exposed_validation,cv_reference_refit,0.2,900,540,0.5421686746987951,0.6
exposed_validation,cv_reference_refit,0.3,1350,648,0.6506024096385542,0.48
exposed_validation,cv_reference_refit,0.4,1800,749,0.7520080321285141,0.4161111111111111
exposed_validation,cv_reference_refit,0.5,2250,817,0.820281124497992,0.3631111111111111
exposed_validation,legacy_v1_champion,0.1,450,324,0.3253012048192771,0.72
exposed_validation,legacy_v1_champion,0.2,900,540,0.5421686746987951,0.6
exposed_validation,legacy_v1_champion,0.3,1350,647,0.6495983935742972,0.4792592592592593
exposed_validation,legacy_v1_champion,0.4,1800,745,0.7479919678714859,0.41388888888888886
exposed_validation,legacy_v1_champion,0.5,2250,813,0.8162650602409639,0.36133333333333334
exposed_test,candidate,0.1,450,312,0.3135678391959799,0.6933333333333334
exposed_test,candidate,0.2,900,516,0.5185929648241207,0.5733333333333334
exposed_test,candidate,0.3,1350,628,0.6311557788944724,0.4651851851851852
exposed_test,candidate,0.4,1800,718,0.721608040201005,0.3988888888888889
exposed_test,candidate,0.5,2250,798,0.8020100502512563,0.3546666666666667
exposed_test,cv_reference_refit,0.1,450,305,0.3065326633165829,0.6777777777777778
exposed_test,cv_reference_refit,0.2,900,508,0.5105527638190954,0.5644444444444444
exposed_test,cv_reference_refit,0.3,1350,624,0.6271356783919598,0.4622222222222222
exposed_test,cv_reference_refit,0.4,1800,716,0.7195979899497488,0.3977777777777778
exposed_test,cv_reference_refit,0.5,2250,799,0.8030150753768844,0.3551111111111111
exposed_test,legacy_v1_champion,0.1,450,301,0.30251256281407035,0.6688888888888889
exposed_test,legacy_v1_champion,0.2,900,507,0.5095477386934674,0.5633333333333334
exposed_test,legacy_v1_champion,0.3,1350,630,0.6331658291457286,0.4666666666666667
exposed_test,legacy_v1_champion,0.4,1800,714,0.7175879396984924,0.39666666666666667
exposed_test,legacy_v1_champion,0.5,2250,797,0.8010050251256281,0.3542222222222222
