partition,slice,rows,events,candidate_log_loss,legacy_log_loss,log_loss_delta,candidate_auc,legacy_auc,small_slice
exposed_validation,PAY_0=-2,393,51,0.3660394642973487,0.36660780436689927,-0.000568340069550588,0.6626246990024081,0.6697339754615296,False
exposed_validation,PAY_0=-1,857,143,0.41525586502716394,0.4178719946755632,-0.0026161296483992458,0.6942763119233708,0.6879982762335703,False
exposed_validation,PAY_0=0,2174,254,0.33446229766409497,0.3357104944936802,-0.001248196829585213,0.6968975557742781,0.6968339895013123,False
exposed_validation,PAY_0=1,576,193,0.5917326522685714,0.5940827324846026,-0.002350080216031225,0.6855341657760522,0.6816921224583665,False
exposed_validation,PAY_0=2,421,295,0.5844911363690392,0.5898027558142825,-0.005311619445243387,0.6462469733656173,0.6278719397363465,False
exposed_validation,PAY_0=3,49,40,0.4574141342121296,0.4567200158684035,0.0006941183437261245,0.6916666666666667,0.7055555555555555,True
exposed_validation,any_positive_pay_code,1553,675,0.5717866174886818,0.5765030112396082,-0.004716393750926473,0.7658314350797265,0.7610647093562811,False
exposed_validation,no_positive_pay_code,2947,321,0.3276115413323337,0.3290958397995702,-0.0014842984672364667,0.6649898095488916,0.6631462750876095,False
exposed_validation,recent_code_ge_2,500,355,0.5715380012814665,0.581870361701808,-0.010332360420341469,0.653152015541525,0.6331423020883924,False
exposed_validation,any_code_ge_2,1298,620,0.5861334725907552,0.5907227978480267,-0.004589325257271515,0.7571557712436958,0.7527357503092588,False
exposed_validation,bill1_nonpositive,370,85,0.5160835741984879,0.5194170301513722,-0.0033334559528842567,0.6564086687306503,0.6420433436532508,False
exposed_validation,zero_payments_3plus,838,269,0.5144297018597217,0.5281272484943184,-0.013697546634596658,0.7721333324622208,0.7557085083724789,False
exposed_validation,utilization_gt_1,332,103,0.5247932662515995,0.5422546137367783,-0.017461347485178802,0.7579174969262729,0.7499046084707678,False
exposed_validation,utilization_le_0.3,2232,407,0.3924426563199376,0.3947155972668165,-0.0022729409468789097,0.7690357106795463,0.76693817104776,False
exposed_validation,unknown_education_or_marriage,65,6,0.30593506754859573,0.2950088787432324,0.010926188805363335,0.632768361581921,0.692090395480226,True
exposed_validation,SEX=1,1756,421,0.43328566912233024,0.43705226552904247,-0.0037665964067122304,0.7947129627158451,0.7934016564804682,False
exposed_validation,SEX=2,2744,575,0.39818009995900083,0.40003310425490024,-0.0018530042958994075,0.8049215226411691,0.8029747228736946,False
exposed_validation,EDUCATION=1,1571,303,0.38109552016247855,0.38637507721138503,-0.00527955704890648,0.797282173012254,0.7927637400964072,False
exposed_validation,EDUCATION=2,2144,500,0.4225490678453381,0.4257726140234049,-0.003223546178066805,0.8022256690997567,0.7986782238442821,False
exposed_validation,EDUCATION=3,705,187,0.46545573925353995,0.4608932582363182,0.004562481017221731,0.7916812916812918,0.7988561517973283,False
exposed_validation,EDUCATION=5,48,5,0.3337450692086052,0.33117049055207853,0.0025745786565266604,0.6465116279069768,0.6744186046511628,True
exposed_validation,MARRIAGE=1,2069,482,0.4108366668461575,0.4125991477122661,-0.0017624808661085845,0.8168325633322615,0.8159762803065362,False
exposed_validation,MARRIAGE=2,2378,500,0.409482350577371,0.41326383418009854,-0.0037814836027275645,0.7908833865814696,0.7881038338658148,False
exposed_validation,MARRIAGE=3,47,14,0.6148363822175669,0.5998984898103676,0.014937892407199227,0.6233766233766234,0.6385281385281385,True
exposed_test,PAY_0=-2,441,62,0.3925334790428175,0.39172360081929974,0.000809878223517746,0.6360541322665758,0.6500127670440038,False
exposed_test,PAY_0=-1,810,125,0.39318707941557496,0.3943770253935574,-0.0011899459779824428,0.7099562043795621,0.7081459854014599,False
exposed_test,PAY_0=0,2228,304,0.36513954220976663,0.3660815546389375,-0.0009420124291708576,0.7089961292263924,0.7148535808075283,False
exposed_test,PAY_0=1,554,187,0.5825075042822221,0.5896749909616027,-0.007167486679380608,0.7066181934750615,0.6973946873770562,False
exposed_test,PAY_0=2,403,272,0.6346628628897039,0.6409484441721186,-0.006285581282414743,0.5603390211046251,0.535950830713965,False
exposed_test,PAY_0=3,40,30,0.5025674012463599,0.5034754096804461,-0.0009080084340862271,0.7566666666666667,0.7566666666666666,True
exposed_test,any_positive_pay_code,1532,646,0.5895547296376608,0.5956686033176167,-0.006113873679955972,0.7437198177358147,0.7375732935445771,False
exposed_test,no_positive_pay_code,2968,349,0.3428910814651713,0.34295924695544133,-6.81654902700557e-05,0.669746430919739,0.6752046703011167,False
exposed_test,recent_code_ge_2,467,317,0.6275582860670564,0.6337520299528167,-0.006193743885760217,0.574111461619348,0.554279705573081,False
exposed_test,any_code_ge_2,1287,583,0.6041852357685609,0.6078403026443481,-0.003655066875787205,0.7331324068298768,0.7294825939497894,False
exposed_test,bill1_nonpositive,386,92,0.4924317329039161,0.5114757894932735,-0.019044056589357428,0.7249519372966579,0.6841356107660455,False
exposed_test,zero_payments_3plus,872,263,0.5112103771280518,0.5180252934154326,-0.0068149162873807345,0.7665280613359805,0.7579620021602452,False
exposed_test,utilization_gt_1,341,107,0.5595859570113345,0.5609732330810837,-0.0013872760697491993,0.7110791596772904,0.713315760044732,False
exposed_test,utilization_le_0.3,2191,393,0.3923331061475705,0.3951336274540579,-0.0028005213064873913,0.7703406668987595,0.7686155383278566,False
exposed_test,unknown_education_or_marriage,54,2,0.14660457200734325,0.13795406334304586,0.008650508664297396,0.9615384615384616,0.9615384615384616,True
exposed_test,SEX=1,1763,429,0.446500118532009,0.4495332746740715,-0.0030331561420625097,0.7876673551336221,0.786274694820422,False
exposed_test,SEX=2,2737,566,0.41421953475396156,0.41576184946874334,-0.0015423147147817784,0.7851460710001579,0.7846179074305859,False
exposed_test,EDUCATION=1,1588,297,0.36720217621900214,0.3690201459961315,-0.0018179697771293357,0.8110644268661309,0.8127179358782767,False
exposed_test,EDUCATION=2,2071,493,0.4607686735169318,0.46263083070183514,-0.0018621571849033458,0.7651802034567596,0.7650400923447916,False
exposed_test,EDUCATION=3,774,203,0.48391292768793115,0.4875173758248962,-0.0036044481369650327,0.7687015261446085,0.7614115759233218,False
exposed_test,EDUCATION=5,40,1,0.10759633108614386,0.10971841727413656,-0.0021220861879927,0.9743589743589743,0.9743589743589743,True
exposed_test,MARRIAGE=1,2041,483,0.4492226122368285,0.4529368395183177,-0.0037142272814891797,0.7785735547777184,0.7751556781667849,False
exposed_test,MARRIAGE=2,2406,498,0.40716311545482153,0.4079584699882428,-0.0007953545334212775,0.7919929192661632,0.7936852230725838,False
exposed_test,MARRIAGE=3,48,13,0.44970670221907977,0.4605192331043215,-0.010812530885241756,0.8021978021978023,0.7824175824175824,True
