candidate,fold,fixed_iterations,heldout_min_iteration_posthoc,heldout_min_loss,heldout_final_loss,heldout_final_minus_min,train_final_loss
reference_v1,0,600,226,0.42653869985442827,0.42930838409766164,0.0027696842432333724,0.38341883724676445
reference_v1,1,600,526,0.4194506443572976,0.4196179826742029,0.00016733831690529666,0.3870411896781015
reference_v1,2,600,347,0.43642152473966384,0.43793650717654453,0.0015149824368806963,0.37831695353322686
trajectory_d4_long,0,1200,265,0.42430097915077053,0.4279371708263459,0.0036361916755753843,0.3682760942843606
trajectory_d4_long,1,1200,910,0.41692023465638384,0.41707066423549466,0.00015042957911082233,0.37303714734633553
trajectory_d4_long,2,1200,283,0.4344685159606724,0.436683566054438,0.0022150500937656026,0.3636311442190159
trajectory_d5,0,1000,263,0.4244486909827131,0.42845992793027615,0.004011236947563057,0.355362839343291
trajectory_d5,1,1000,827,0.4166806374949176,0.4170576079079848,0.00037697041306716805,0.360704580005159
trajectory_d5,2,1000,287,0.43400885929164446,0.43656683615818986,0.0025579768665454083,0.3526225578849165
trajectory_d6,0,1000,353,0.42437155962060497,0.42713200741591734,0.0027604477953123707,0.3466158529402916
trajectory_d6,1,1000,727,0.41634565258757644,0.4169720919164552,0.0006264393288787362,0.35302531819094
trajectory_d6,2,1000,243,0.43450434634829344,0.4373886676205472,0.0028843212722537426,0.34644111050176973
trajectory_fixed,0,600,156,0.42476288707992754,0.4286505573582337,0.0038876702783061656,0.36913231757529436
trajectory_fixed,1,600,497,0.4171417951825569,0.41783491597394157,0.0006931207913846715,0.3748500061069634
trajectory_fixed,2,600,172,0.4346847616976538,0.4369566012860195,0.0022718395883656872,0.36572638422602216
trajectory_no_demo,0,1200,339,0.42500849150045594,0.4284290508271536,0.0034205593266976586,0.36683473420874746
trajectory_no_demo,1,1200,803,0.41861843518408465,0.4201137757287976,0.001495340544712953,0.3729615217455868
trajectory_no_demo,2,1200,233,0.43577115943747047,0.43954942291092935,0.003778263473458887,0.36573581065207195
trajectory_ordered,0,800,253,0.42574843801710627,0.4301916910432617,0.004443253026155447,0.3753130858370566
trajectory_ordered,1,800,499,0.4185007755913495,0.41931819759022204,0.0008174219988725251,0.3719977905142406
trajectory_ordered,2,800,387,0.43422736233234105,0.4375717390037582,0.0033443766714171264,0.3687029021808339
