roc_auc,average_precision,log_loss,brier,model,track,gini,calibration_intercept,calibration_slope
0.7692349049097126,0.5255075211069247,0.4397921165520625,0.13805499455535267,logistic__raw,main,0.5384698098194252,-0.05428889901820633,0.9631393202729324
0.7692349049097126,0.5255075211069247,0.4397921165520625,0.13805499455535267,logistic,main,0.5384698098194252,-0.05428889901820633,0.9631393202729324
0.781585961189686,0.540111993765165,0.4307345402807159,0.13557988472423985,catboost__raw,main,0.5631719223793721,-0.06230667826381306,0.9611934920632057
0.781585961189686,0.540111993765165,0.4307345402807159,0.13557988472423985,catboost,main,0.5631719223793721,-0.06230667826381306,0.9611934920632057
0.7766999046588148,0.5394903210996718,0.43326418485170637,0.1364425576884751,lightgbm__raw,main,0.5533998093176296,-0.09006849037617741,0.9161985219971985
0.7766999046588148,0.5394903210996718,0.43275031509667183,0.13636732191590195,lightgbm,main,0.5533998093176296,0.04959047920738322,1.0372647917350357
0.7802225105556312,0.528024020359554,0.434317130383355,0.13691598170881636,ebm__raw,main,0.5604450211112624,-0.059614504444805504,0.9618213814081593
0.7802225105556312,0.528024020359554,0.434317130383355,0.13691598170881636,ebm,main,0.5604450211112624,-0.059614504444805504,0.9618213814081593
0.7860757424784407,0.5421180427489984,0.42899274338807525,0.135412520706574,catboost_behavior__raw,main,0.5721514849568814,-0.04910185993196392,0.971001170250493
0.7860757424784407,0.5421180427489984,0.42899274338807525,0.135412520706574,catboost_behavior,main,0.5721514849568814,-0.04910185993196392,0.971001170250493
0.7644507845934378,0.5115270545558214,0.4419312129358841,0.1391928682297959,aux_tabpfn_v2__raw,auxiliary_1000_fit,0.5289015691868757,-0.03445306934889932,0.9278530783016289
0.7644507845934378,0.5115270545558214,0.4419312129358841,0.1391928682297959,aux_tabpfn_v2,auxiliary_1000_fit,0.5289015691868757,-0.03445306934889932,0.9278530783016289
0.7556041261944529,0.49598060285724455,0.47019071527639367,0.145154352335721,aux_catboost_1000__raw,auxiliary_1000_fit,0.5112082523889059,-0.2778593424172396,0.6278953590562556
0.7556041261944529,0.49598060285724455,0.44864538688146693,0.14197444873556983,aux_catboost_1000,auxiliary_1000_fit,0.5112082523889059,0.0633214781536401,1.0188105345609375
