partition,pipeline,slice,rows,events,event_rate,mean_probability,roc_auc,average_precision,log_loss,brier,threshold,tp,fp,fn,tn,recall,precision,flagged_rate
development_oof,v2_reference,all_rows,16500,3649,0.22115151515151515,0.22082238728026013,0.7848470098041087,0.5533051278334704,0.4271097933493961,0.1342856247272196,0.5,1346,703,2303,12148,0.3688681830638531,0.6569058077110785,0.12418181818181818
development_oof,v2_reference,no_positive_pay_code,11024,1304,0.11828737300435414,0.11655910045115506,0.6671893935090509,0.20689912650212436,0.34494490473879397,0.10043099016996694,0.5,2,2,1302,9718,0.0015337423312883436,0.5,0.000362844702467344
development_oof,v2_reference,any_positive_pay_code,5476,2345,0.42823228634039445,0.4307198441838494,0.7419775693780946,0.6694143902429337,0.5925198978131064,0.20244002417191523,0.5,1344,701,1001,2430,0.573134328358209,0.6572127139364303,0.37344777209642077
development_oof,v2_reference,quiet_zero_payments_3plus,1546,285,0.18434670116429497,0.1847744294007527,0.6336282816478149,0.28690405863707796,0.4598869523777591,0.14480338975322177,0.5,2,2,283,1259,0.007017543859649123,0.5,0.00258732212160414
development_oof,v2_reference,quiet_zero_payments_under3,9478,1019,0.10751213336146867,0.10543218564253741,0.6602117400319569,0.17836888734325287,0.326196180783335,0.09319320479797792,0.5,0,0,1019,8459,0.0,0.0,0.0
development_oof,v2_reference,recent_positive_code_ge2,1686,1182,0.701067615658363,0.7015993185639605,0.5957013939247442,0.7642694289121368,0.6005563046820832,0.2053885423792487,0.5,1134,461,48,43,0.9593908629441624,0.7109717868338558,0.9460260972716489
development_oof,v2_reference,recent_bill_nonpositive,1445,368,0.2546712802768166,0.2539689856155264,0.6613946247628274,0.38337213752965404,0.5377237859077553,0.17859036116972224,0.5,17,17,351,1060,0.04619565217391304,0.5,0.023529411764705882
development_oof,v2_reference,negative_bill_any,1024,183,0.1787109375,0.18059883533709115,0.652365450965868,0.30871923590208283,0.4519528430567408,0.1405455202772855,0.5,17,17,166,824,0.09289617486338798,0.5,0.033203125
development_oof,v2_reference,zero_payments_3plus,3095,969,0.3130856219709208,0.31310750195770215,0.7394606750954082,0.5900763337147938,0.5373514045458178,0.17890078141683227,0.5,341,188,628,1938,0.35190918472652216,0.6446124763705104,0.17092084006462036
development_oof,v2_reference,unknown_education_marriage,212,18,0.08490566037735849,0.1467149775434978,0.6102520045819014,0.14590250332824387,0.337865979759529,0.09837422237980586,0.5,3,15,15,179,0.16666666666666666,0.16666666666666666,0.08490566037735849
development_oof,v2_reference,SEX_1,6570,1591,0.2421613394216134,0.24017542534208153,0.7870595154583254,0.5705315727357066,0.44776097782094654,0.14296930318956502,0.5,625,331,966,4648,0.3928346951602766,0.6537656903765691,0.14550989345509893
development_oof,v2_reference,SEX_2,9930,2058,0.20725075528700906,0.20801780922727262,0.781084110836553,0.539648704581172,0.41344632084405003,0.12854023021587926,0.5,721,372,1337,7500,0.35034013605442177,0.6596523330283623,0.11007049345417926
development_oof,v2_reference,AGE_under30,5262,1183,0.22481946028126187,0.22474960565771354,0.7874034521497135,0.5639901125947311,0.4293188293478091,0.13501497139047222,0.5,469,251,714,3828,0.39644970414201186,0.6513888888888889,0.13683010262257697
development_oof,v2_reference,AGE_60plus,184,53,0.28804347826086957,0.2765237898802659,0.797925968601469,0.631327502537121,0.4773524906211466,0.15184164377783246,0.5,27,11,26,120,0.5094339622641509,0.7105263157894737,0.20652173913043478
development_oof,v3_candidate,all_rows,16500,3649,0.22115151515151515,0.2208346970595603,0.7856824276747942,0.5573866430801622,0.42578470305418514,0.13369088719340003,0.5,1328,659,2321,12192,0.3639353247465059,0.6683442375440363,0.12042424242424242
development_oof,v3_candidate,no_positive_pay_code,11024,1304,0.11828737300435414,0.11774489142815597,0.665937152856674,0.20920374069857783,0.3449608435027281,0.10031737473011985,0.5,0,0,1304,9720,0.0,0.0,0.0
development_oof,v3_candidate,any_positive_pay_code,5476,2345,0.42823228634039445,0.4283697623043743,0.7453601409387792,0.6746970596800839,0.588495117169463,0.20087671652050013,0.5,1328,659,1017,2472,0.5663113006396588,0.6683442375440363,0.36285609934258584
development_oof,v3_candidate,quiet_zero_payments_3plus,1546,285,0.18434670116429497,0.18567864326545963,0.6382445010225803,0.29352036521832287,0.4591554177012196,0.1444129965428903,0.5,0,0,285,1261,0.0,0.0,0.0
development_oof,v3_candidate,quiet_zero_payments_under3,9478,1019,0.10751213336146867,0.10666390595226743,0.6585931261580277,0.17942725346398727,0.32633404336442173,0.09312473584823096,0.5,0,0,1019,8459,0.0,0.0,0.0
development_oof,v3_candidate,recent_positive_code_ge2,1686,1182,0.701067615658363,0.6969657453731332,0.5986641554534955,0.7687563093125064,0.5964049721062816,0.20379343270908762,0.5,1153,468,29,36,0.9754653130287648,0.7112893275755706,0.961447212336892
development_oof,v3_candidate,recent_bill_nonpositive,1445,368,0.2546712802768166,0.2537526447731536,0.6641612167453878,0.3748282602105141,0.5372254178951904,0.17859365470228122,0.5,2,3,366,1074,0.005434782608695652,0.4,0.0034602076124567475
development_oof,v3_candidate,negative_bill_any,1024,183,0.1787109375,0.18486136053349897,0.6574140854954094,0.3220625905095521,0.4462243770422236,0.1386264871145822,0.5,16,14,167,827,0.08743169398907104,0.5333333333333333,0.029296875
development_oof,v3_candidate,zero_payments_3plus,3095,969,0.3130856219709208,0.3113863703909944,0.7425321368830742,0.5946538726790535,0.5352059175292528,0.17794076204097642,0.5,334,163,635,1963,0.3446852425180599,0.6720321931589537,0.1605815831987076
development_oof,v3_candidate,unknown_education_marriage,212,18,0.08490566037735849,0.15870157037466825,0.6002290950744559,0.16817471537420553,0.335385662095067,0.0976642127238335,0.5,3,14,15,180,0.16666666666666666,0.17647058823529413,0.08018867924528301
development_oof,v3_candidate,SEX_1,6570,1591,0.2421613394216134,0.2385610120830939,0.78790896624402,0.5735538082880945,0.44691383026648085,0.14248017101844243,0.5,603,302,988,4677,0.37900691389063484,0.6662983425414365,0.13774733637747336
development_oof,v3_candidate,SEX_2,9930,2058,0.20725075528700906,0.20910641008024347,0.7820541072119905,0.5450227660798904,0.4118050086146299,0.12787562085598522,0.5,725,357,1333,7515,0.3522837706511176,0.6700554528650647,0.10896273917421953
development_oof,v3_candidate,AGE_under30,5262,1183,0.22481946028126187,0.226355092906083,0.7875760782864711,0.5661289924047184,0.42820274049322693,0.1345150655329942,0.5,474,241,709,3838,0.400676246830093,0.6629370629370629,0.13587989357658684
development_oof,v3_candidate,AGE_60plus,184,53,0.28804347826086957,0.2717113827118919,0.7961976091026934,0.6263271892523941,0.4835888948354348,0.1556865021746735,0.5,20,11,33,120,0.37735849056603776,0.6451612903225806,0.16847826086956522
exposed_validation,v2_reference,all_rows,4500,996,0.22133333333333333,0.2256465786771408,0.8015023851112211,0.5990305491533976,0.4118790731702912,0.1280867108084694,0.5,414,188,582,3316,0.41566265060240964,0.6877076411960132,0.13377777777777777
exposed_validation,v2_reference,no_positive_pay_code,2947,321,0.10892432982694265,0.11486302576255925,0.6649898095488916,0.20228734052297903,0.3276115413323337,0.09352269429827577,0.5,0,0,321,2626,0.0,0.0,0.0
exposed_validation,v2_reference,any_positive_pay_code,1553,675,0.4346426271732131,0.43587138900506867,0.7658314350797265,0.7168459976946634,0.5717866174886818,0.1936759939092682,0.5,414,188,261,690,0.6133333333333333,0.6877076411960132,0.38763683193818416
exposed_validation,v2_reference,quiet_zero_payments_3plus,394,63,0.1598984771573604,0.17772693120973113,0.6383014434373951,0.27383172673657885,0.42309293198048575,0.12961469840198236,0.5,0,0,63,331,0.0,0.0,0.0
exposed_validation,v2_reference,quiet_zero_payments_under3,2553,258,0.10105757931844889,0.10516134979460556,0.6604262721453784,0.18454461036807535,0.312876066238181,0.0879526787805083,0.5,0,0,258,2295,0.0,0.0,0.0
exposed_validation,v2_reference,recent_positive_code_ge2,500,355,0.71,0.6982547460800443,0.653152015541525,0.8208802534285814,0.5715380012814665,0.1936454062611712,0.5,344,129,11,16,0.9690140845070423,0.7272727272727273,0.946
exposed_validation,v2_reference,recent_bill_nonpositive,370,85,0.22972972972972974,0.24094394748312126,0.6564086687306503,0.34186962938786547,0.5160835741984879,0.16876404660941083,0.5,1,3,84,282,0.011764705882352941,0.25,0.010810810810810811
exposed_validation,v2_reference,negative_bill_any,282,40,0.14184397163120568,0.18609090211150667,0.6978305785123967,0.3469405290420933,0.38254277846848833,0.11344093897829868,0.5,4,3,36,239,0.1,0.5714285714285714,0.024822695035460994
exposed_validation,v2_reference,zero_payments_3plus,838,269,0.32100238663484487,0.3209106559310189,0.7721333324622208,0.6588605781426757,0.5144297018597217,0.16952621585158206,0.5,110,47,159,522,0.40892193308550184,0.7006369426751592,0.1873508353221957
exposed_validation,v2_reference,unknown_education_marriage,65,6,0.09230769230769231,0.12258142677212754,0.632768361581921,0.3060680359067456,0.30593506754859573,0.087596017241813,0.5,1,4,5,55,0.16666666666666666,0.2,0.07692307692307693
exposed_validation,v2_reference,SEX_1,1756,421,0.239749430523918,0.24426071441023275,0.7947129627158451,0.6097978704241757,0.43328566912233024,0.13637910339039974,0.5,188,83,233,1252,0.44655581947743467,0.6937269372693727,0.15432801822323464
exposed_validation,v2_reference,SEX_2,2744,575,0.20954810495626822,0.21373461718030792,0.8049215226411691,0.5921484041774672,0.39818009995900083,0.12278006307746733,0.5,226,105,349,2064,0.39304347826086955,0.6827794561933535,0.12062682215743441
exposed_validation,v2_reference,AGE_under30,1461,337,0.23066392881587952,0.23201058665152696,0.7955333854293168,0.5892888590127286,0.42753060514915203,0.13443013021729278,0.5,139,71,198,1053,0.4124629080118694,0.6619047619047619,0.1437371663244353
exposed_validation,v2_reference,AGE_60plus,46,14,0.30434782608695654,0.2711509587302893,0.7299107142857143,0.6100395713841091,0.5505413823227994,0.18269963270960915,0.5,6,3,8,29,0.42857142857142855,0.6666666666666666,0.1956521739130435
exposed_validation,v3_candidate,all_rows,4500,996,0.22133333333333333,0.2265647736796339,0.8036429393372577,0.6016191857081579,0.4107850351590946,0.1277998343976451,0.5,418,185,578,3319,0.41967871485943775,0.693200663349917,0.134
exposed_validation,v3_candidate,no_positive_pay_code,2947,321,0.10892432982694265,0.11645555182954836,0.6688435558149631,0.20548583859520317,0.3266305348127069,0.09331408738247475,0.5,0,0,321,2626,0.0,0.0,0.0
exposed_validation,v3_candidate,any_positive_pay_code,1553,675,0.4346426271732131,0.43550996156901056,0.7670328186956888,0.7191983592902012,0.5704780889393939,0.19324059193383766,0.5,418,185,257,693,0.6192592592592593,0.693200663349917,0.38828074694140374
exposed_validation,v3_candidate,quiet_zero_payments_3plus,394,63,0.1598984771573604,0.18084425587926456,0.6494029636023593,0.2741525844079528,0.42196517287751756,0.12926829791195543,0.5,0,0,63,331,0.0,0.0,0.0
exposed_validation,v3_candidate,quiet_zero_payments_under3,2553,258,0.10105757931844889,0.10651855637495058,0.6642194862441101,0.19112572591687643,0.3119177077866452,0.08776533730467789,0.5,0,0,258,2295,0.0,0.0,0.0
exposed_validation,v3_candidate,recent_positive_code_ge2,500,355,0.71,0.6958614782649704,0.649752306945119,0.8228427585727466,0.5726324245275244,0.19394202545766734,0.5,347,130,8,15,0.9774647887323944,0.7274633123689728,0.954
exposed_validation,v3_candidate,recent_bill_nonpositive,370,85,0.22972972972972974,0.2460864783958918,0.6579979360165119,0.35218605647532464,0.5132766617562817,0.16793941298390463,0.5,1,1,84,284,0.011764705882352941,0.5,0.005405405405405406
exposed_validation,v3_candidate,negative_bill_any,282,40,0.14184397163120568,0.19151341041158113,0.7116735537190083,0.38144506483170776,0.3781476899744961,0.1122461620725386,0.5,6,2,34,240,0.15,0.75,0.028368794326241134
exposed_validation,v3_candidate,zero_payments_3plus,838,269,0.32100238663484487,0.3227557462422205,0.7711631310392588,0.655508759957747,0.5166208696027288,0.1704677607716912,0.5,113,52,156,517,0.4200743494423792,0.6848484848484848,0.19689737470167065
exposed_validation,v3_candidate,unknown_education_marriage,65,6,0.09230769230769231,0.13248070272564266,0.6666666666666666,0.32793385859423596,0.3009516674260683,0.0855894163106915,0.5,1,4,5,55,0.16666666666666666,0.2,0.07692307692307693
exposed_validation,v3_candidate,SEX_1,1756,421,0.239749430523918,0.24414822710755513,0.795031448219417,0.6153645687451608,0.43254520850229183,0.13604334658216963,0.5,188,81,233,1254,0.44655581947743467,0.6988847583643123,0.15318906605922553
exposed_validation,v3_candidate,SEX_2,2744,575,0.20954810495626822,0.21531238876001663,0.808388157235352,0.5915352337852584,0.3968597930342206,0.12252446727081387,0.5,230,104,345,2065,0.4,0.688622754491018,0.1217201166180758
exposed_validation,v3_candidate,AGE_under30,1461,337,0.23066392881587952,0.23511008712077752,0.7953023855032366,0.5872409529023276,0.42776458961531916,0.1346970659075823,0.5,139,72,198,1052,0.4124629080118694,0.6587677725118484,0.14442162902121836
exposed_validation,v3_candidate,AGE_60plus,46,14,0.30434782608695654,0.27443501840440426,0.7299107142857143,0.630331227495093,0.5556711670955662,0.18587407380641827,0.5,5,4,9,28,0.35714285714285715,0.5555555555555556,0.1956521739130435
exposed_test,v2_reference,all_rows,4500,995,0.22111111111111112,0.22218149005037605,0.7869328095541903,0.5483432530200874,0.42686635013189433,0.13439856470951053,0.5,367,192,628,3313,0.3688442211055276,0.6565295169946332,0.12422222222222222
exposed_test,v2_reference,no_positive_pay_code,2968,349,0.11758760107816711,0.11714143741143744,0.669746430919739,0.20996461072395425,0.3428910814651713,0.0997121675543725,0.5,1,0,348,2619,0.0028653295128939827,1.0,0.00033692722371967657
exposed_test,v2_reference,any_positive_pay_code,1532,646,0.4216710182767624,0.4256794510375625,0.7437198177358147,0.657235368049685,0.5895547296376608,0.20159779888473883,0.5,366,192,280,694,0.56656346749226,0.6559139784946236,0.3642297650130548
exposed_test,v2_reference,quiet_zero_payments_3plus,426,69,0.1619718309859155,0.18159853949738272,0.6257053546056104,0.2688901363011248,0.4303005597713213,0.13193378148250473,0.5,1,0,68,357,0.014492753623188406,1.0,0.002347417840375587
exposed_test,v2_reference,quiet_zero_payments_under3,2542,280,0.11014948859166011,0.10633942109018935,0.6732000757862827,0.19961444128105188,0.3282426008363672,0.09431232194721896,0.5,0,0,280,2262,0.0,0.0,0.0
exposed_test,v2_reference,recent_positive_code_ge2,467,317,0.6788008565310493,0.6941624025736286,0.574111461619348,0.7400230448501726,0.6275582860670564,0.2181110093010722,0.5,301,140,16,10,0.9495268138801262,0.6825396825396826,0.9443254817987152
exposed_test,v2_reference,recent_bill_nonpositive,386,92,0.23834196891191708,0.23575826796966437,0.7249519372966579,0.49895126037045145,0.4924317329039161,0.15975130772718926,0.5,7,1,85,293,0.07608695652173914,0.875,0.02072538860103627
exposed_test,v2_reference,negative_bill_any,332,49,0.14759036144578314,0.17509322289675477,0.717386601283623,0.4217681875363679,0.3734348774435924,0.11054469377271955,0.5,5,2,44,281,0.10204081632653061,0.7142857142857143,0.02108433734939759
exposed_test,v2_reference,zero_payments_3plus,872,263,0.30160550458715596,0.3095624996621514,0.7665280613359805,0.6097226764532486,0.5112103771280518,0.1676501261620369,0.5,107,51,156,558,0.4068441064638783,0.6772151898734177,0.1811926605504587
exposed_test,v2_reference,unknown_education_marriage,54,2,0.037037037037037035,0.11180495572059039,0.9615384615384616,0.41666666666666663,0.14660457200734325,0.03548287380413031,0.5,0,2,2,50,0.0,0.0,0.037037037037037035
exposed_test,v2_reference,SEX_1,1763,429,0.24333522404991492,0.24057702351195007,0.7876673551336221,0.5776122533053695,0.446500118532009,0.14165452510880702,0.5,175,92,254,1242,0.40792540792540793,0.6554307116104869,0.1514463981849121
exposed_test,v2_reference,SEX_2,2737,566,0.20679576178297407,0.2103322662678568,0.7851460710001579,0.5263958060708966,0.41421953475396156,0.12972474001679601,0.5,192,100,374,2071,0.3392226148409894,0.6575342465753424,0.10668615272195835
exposed_test,v2_reference,AGE_under30,1405,347,0.24697508896797152,0.2303492649359955,0.8045112577153347,0.600435634180254,0.4373152408659428,0.13877805376019517,0.5,144,58,203,1000,0.414985590778098,0.7128712871287128,0.14377224199288255
exposed_test,v2_reference,AGE_60plus,58,15,0.25862068965517243,0.2699758237220468,0.8093023255813954,0.5313243655985591,0.45778913219679074,0.15148761047308448,0.5,8,5,7,38,0.5333333333333333,0.6153846153846154,0.22413793103448276
exposed_test,v3_candidate,all_rows,4500,995,0.22111111111111112,0.222354964882727,0.788158911533416,0.5474861702166574,0.42629709581455977,0.13425513275182194,0.5,362,185,633,3320,0.36381909547738694,0.6617915904936015,0.12155555555555556
exposed_test,v3_candidate,no_positive_pay_code,2968,349,0.11758760107816711,0.11846236337808154,0.6754508326304032,0.21231499458745634,0.342114266574399,0.09956407800807068,0.5,0,0,349,2619,0.0,0.0,0.0
exposed_test,v3_candidate,any_positive_pay_code,1532,646,0.4216710182767624,0.4236299265444683,0.7434717203977943,0.6555319599770721,0.5893875900605109,0.20146339024493787,0.5,362,185,284,701,0.5603715170278638,0.6617915904936015,0.35704960835509136
exposed_test,v3_candidate,quiet_zero_payments_3plus,426,69,0.1619718309859155,0.18272531595800853,0.6212398002679332,0.27987236416074085,0.42979751420076906,0.13181939841882476,0.5,0,0,69,357,0.0,0.0,0.0
exposed_test,v3_candidate,quiet_zero_payments_under3,2542,280,0.11014948859166011,0.10769288352007647,0.6814528861942655,0.21262472756719153,0.32741990642930313,0.09415858371421497,0.5,0,0,280,2262,0.0,0.0,0.0
exposed_test,v3_candidate,recent_positive_code_ge2,467,317,0.6788008565310493,0.6907889548788966,0.5677181913774973,0.7326423574917911,0.6245316441438897,0.2166482498816466,0.5,307,143,10,7,0.9684542586750788,0.6822222222222222,0.9635974304068522
exposed_test,v3_candidate,recent_bill_nonpositive,386,92,0.23834196891191708,0.23909725376211807,0.7221051464063886,0.5093179815996426,0.5000335248361686,0.16281124161039554,0.5,0,0,92,294,0.0,0.0,0.0
exposed_test,v3_candidate,negative_bill_any,332,49,0.14759036144578314,0.1835313734310104,0.7155116463546549,0.4149719812865301,0.37643965012244035,0.11146852607575335,0.5,5,1,44,282,0.10204081632653061,0.8333333333333334,0.018072289156626505
exposed_test,v3_candidate,zero_payments_3plus,872,263,0.30160550458715596,0.30926058889073843,0.7647174511603514,0.607666673650004,0.513514740082602,0.16860235919913624,0.5,98,48,165,561,0.3726235741444867,0.6712328767123288,0.16743119266055045
exposed_test,v3_candidate,unknown_education_marriage,54,2,0.037037037037037035,0.12153165315664945,0.9615384615384616,0.41666666666666663,0.15261225769660816,0.034888823810879675,0.5,0,2,2,50,0.0,0.0,0.037037037037037035
exposed_test,v3_candidate,SEX_1,1763,429,0.24333522404991492,0.23951458309869883,0.7874838804374036,0.5755438642888561,0.4463431615320028,0.14178600685510562,0.5,168,85,261,1249,0.3916083916083916,0.6640316205533597,0.14350538854225753
exposed_test,v3_candidate,SEX_2,2737,566,0.20679576178297407,0.21130183849808748,0.7871667645952997,0.5252715854420388,0.41338470492678053,0.12940422626877876,0.5,194,100,372,2071,0.34275618374558303,0.6598639455782312,0.10741687979539642
exposed_test,v3_candidate,AGE_under30,1405,347,0.24697508896797152,0.23191989746853767,0.8043886839940511,0.6015966764140507,0.4374202126404331,0.13869342286251723,0.5,142,54,205,1004,0.4092219020172911,0.7244897959183674,0.13950177935943062
exposed_test,v3_candidate,AGE_60plus,58,15,0.25862068965517243,0.25381158787001806,0.8046511627906977,0.5610144938119767,0.4704508613258691,0.15667699605798394,0.5,3,4,12,39,0.2,0.42857142857142855,0.1206896551724138
