column,code,segment,rows,events,event_rate,wilson_lower,wilson_upper
SEX,1,SEX=1,6570,1591,0.2421613394216134,0.2319552175305314,0.25266880006666426
SEX,2,SEX=2,9930,2058,0.20725075528700906,0.19939229370284914,0.21533563163186678
EDUCATION,0,EDUCATION=0,8,0,0.0,0.0,0.32440756488388023
EDUCATION,1,EDUCATION=1,5815,1110,0.19088564058469476,0.1809899729897149,0.20118944787242368
EDUCATION,2,EDUCATION=2,7735,1842,0.2381383322559793,0.22877750064220612,0.24775913322529738
EDUCATION,3,EDUCATION=3,2709,678,0.2502768549280177,0.23432629375739614,0.26693464591131344
EDUCATION,4,EDUCATION=4,62,5,0.08064516129032258,0.03493834698599271,0.17528571348612612
EDUCATION,5,EDUCATION=5,147,10,0.06802721088435375,0.037367568349765325,0.12068883740957284
EDUCATION,6,EDUCATION=6,24,4,0.16666666666666666,0.06678676328632951,0.3585307064969906
MARRIAGE,0,MARRIAGE=0,33,4,0.12121212121212122,0.04816161309413558,0.2732550517107523
MARRIAGE,1,MARRIAGE=1,7567,1782,0.2354962336460949,0.22607170387734868,0.24518918280570898
MARRIAGE,2,MARRIAGE=2,8719,1818,0.20851015024658792,0.20011233755258168,0.21716470181628378
MARRIAGE,3,MARRIAGE=3,181,45,0.24861878453038674,0.1913162192098534,0.3163699861437045
PAY_0,-2,PAY_0=-2,1540,196,0.12727272727272726,0.1115496203595545,0.14485070919440657
PAY_0,-1,PAY_0=-1,3175,555,0.17480314960629922,0.16198745421162236,0.18840481078479365
PAY_0,0,PAY_0=0,8122,1038,0.12780103422802266,0.12071565552941958,0.13523832405050468
PAY_0,1,PAY_0=1,1977,678,0.34294385432473445,0.3223418984135663,0.3641549702607615
PAY_0,2,PAY_0=2,1432,1002,0.6997206703910615,0.6754709514859153,0.7229017215456904
PAY_0,3,PAY_0=3,189,140,0.7407407407407407,0.6739082769239895,0.7979819512276898
PAY_0,4,PAY_0=4,38,27,0.7105263157894737,0.5524286232424794,0.8299672217151693
PAY_0,5,PAY_0=5,12,4,0.3333333333333333,0.13812009109121315,0.6093779111272004
PAY_0,6,PAY_0=6,6,3,0.5,0.1876163064826506,0.8123836935173494
PAY_0,7,PAY_0=7,3,3,1.0,0.4385029682449546,1.0
PAY_0,8,PAY_0=8,6,3,0.5,0.1876163064826506,0.8123836935173494
PAY_2,-2,PAY_2=-2,2131,376,0.17644298451431253,0.16084455909278775,0.19320583453139636
PAY_2,-1,PAY_2=-1,3342,574,0.1717534410532615,0.15934484027334245,0.1849157808580254
PAY_2,0,PAY_2=0,8685,1370,0.1577432354634427,0.1502288945350294,0.16556020943523747
PAY_2,1,PAY_2=1,12,2,0.16666666666666666,0.04696514218385378,0.4480308622529734
PAY_2,2,PAY_2=2,2091,1182,0.5652797704447633,0.5439317209344848,0.5863884036985686
PAY_2,3,PAY_2=3,168,106,0.6309523809523809,0.5558177326932118,0.7002322351199181
PAY_2,4,PAY_2=4,50,25,0.5,0.3664451431682858,0.6335548568317142
PAY_2,5,PAY_2=5,11,7,0.6363636363636364,0.35380117450784887,0.8483352890463243
PAY_2,6,PAY_2=6,3,3,1.0,0.4385029682449546,1.0
PAY_2,7,PAY_2=7,7,4,0.5714285714285714,0.2504583645276572,0.8417801447485302
PAY_3,-2,PAY_3=-2,2304,426,0.18489583333333334,0.16957310700173517,0.20126755692239284
PAY_3,-1,PAY_3=-1,3241,527,0.16260413452638076,0.15030082757901564,0.17570630474021837
PAY_3,0,PAY_3=0,8676,1499,0.17277547256800369,0.1649657191088885,0.18087486715782727
PAY_3,1,PAY_3=1,3,1,0.3333333333333333,0.06149194472039621,0.7923403991979522
PAY_3,2,PAY_3=2,2074,1076,0.5188042430086789,0.49728597455684065,0.5402529818774341
PAY_3,3,PAY_3=3,129,72,0.5581395348837209,0.471992402458324,0.6409241533606435
PAY_3,4,PAY_3=4,39,24,0.6153846153846154,0.45899061456925083,0.7510862653443866
PAY_3,5,PAY_3=5,8,6,0.75,0.40927543031016883,0.9285207872478909
PAY_3,6,PAY_3=6,9,5,0.5555555555555556,0.26665129349549305,0.8112214789023355
PAY_3,7,PAY_3=7,15,12,0.8,0.5481455128483065,0.9295245065301844
PAY_3,8,PAY_3=8,2,1,0.5,0.09453120573423074,0.9054687942657693
PAY_4,-2,PAY_4=-2,2410,467,0.1937759336099585,0.17848792339569355,0.21003861192982273
PAY_4,-1,PAY_4=-1,3159,533,0.16872427983539096,0.15606862429195206,0.18218464345786367
PAY_4,0,PAY_4=0,9053,1634,0.18049265436871756,0.17270627156636156,0.1885500752182189
PAY_4,1,PAY_4=1,2,1,0.5,0.09453120573423074,0.9054687942657693
PAY_4,2,PAY_4=2,1690,893,0.5284023668639053,0.504565089992697,0.5521108164211406
PAY_4,3,PAY_4=3,97,60,0.6185567010309279,0.5191274393745442,0.708953354665695
PAY_4,4,PAY_4=4,38,25,0.6578947368421053,0.4989210355178308,0.7878758482004058
PAY_4,5,PAY_4=5,14,8,0.5714285714285714,0.3259064457965074,0.7861920109552588
PAY_4,6,PAY_4=6,4,2,0.5,0.15003898915214947,0.8499610108478506
PAY_4,7,PAY_4=7,32,25,0.78125,0.6124500635075647,0.8897616374739581
PAY_4,8,PAY_4=8,1,1,1.0,0.20654931437723745,1.0
PAY_5,-2,PAY_5=-2,2515,496,0.19721669980119283,0.18213276852682053,0.21322417437777214
PAY_5,-1,PAY_5=-1,3040,515,0.16940789473684212,0.15649264807212615,0.18315758430930867
PAY_5,0,PAY_5=0,9314,1739,0.18670818123255314,0.17892412312312175,0.19475056046195086
PAY_5,2,PAY_5=2,1432,770,0.5377094972067039,0.5118199054809814,0.5633973125040072
PAY_5,3,PAY_5=3,107,64,0.5981308411214953,0.5033945894801657,0.6860652049273694
PAY_5,4,PAY_5=4,43,28,0.6511627906976745,0.5017178199285205,0.775814100026473
PAY_5,5,PAY_5=5,13,8,0.6153846153846154,0.355228915126657,0.8229029220223743
PAY_5,6,PAY_5=6,3,2,0.6666666666666666,0.2076596008020477,0.9385080552796037
PAY_5,7,PAY_5=7,32,26,0.8125,0.6469084479862404,0.9111045531043405
PAY_5,8,PAY_5=8,1,1,1.0,0.20654931437723745,1.0
PAY_6,-2,PAY_6=-2,2720,546,0.20073529411764707,0.1861091259280644,0.2162055738765073
PAY_6,-1,PAY_6=-1,3158,544,0.17226092463584547,0.15949120025351135,0.18582701795592724
PAY_6,0,PAY_6=0,8919,1681,0.188474044175356,0.18049233497996603,0.19672398947835817
PAY_6,2,PAY_6=2,1533,763,0.4977168949771689,0.472724959721168,0.5227202438423982
PAY_6,3,PAY_6=3,90,60,0.6666666666666666,0.5642231776063374,0.7554649472055536
PAY_6,4,PAY_6=4,31,19,0.6129032258064516,0.4382410861966073,0.7626689857961975
PAY_6,5,PAY_6=5,10,5,0.5,0.236593090512564,0.7634069094874361
PAY_6,6,PAY_6=6,15,12,0.8,0.5481455128483065,0.9295245065301844
PAY_6,7,PAY_6=7,22,17,0.7727272727272727,0.5656004682477829,0.8987696001475147
PAY_6,8,PAY_6=8,2,2,1.0,0.34238022750665303,1.0
