segment,rows,events,event_rate,wilson_lower,wilson_upper
all_fit,16500,3649,0.22115151515151515,0.2148842901644925,0.2275485505192823
no_positive_pay_code,11024,1304,0.11828737300435414,0.11239139610334094,0.12444928287936198
any_positive_pay_code,5476,2345,0.42823228634039445,0.41518122360087356,0.4413839697707695
quiet_zero_payments_3plus,1546,285,0.18434670116429497,0.16580800845477578,0.20445015927893667
quiet_zero_payments_under3,9478,1019,0.10751213336146867,0.10143418703045855,0.11390810356660956
quiet_nonpositive_bills_3plus,1239,228,0.18401937046004843,0.16343061348728152,0.2065614362283982
quiet_nonpositive_bills_under3,9785,1076,0.10996423096576392,0.10391797001095025,0.11631661728825178
quiet_all_six_codes_minus2,1208,159,0.1316225165562914,0.11371982873020783,0.15186066983921295
quiet_all_six_codes_zero,5383,555,0.10310235927921234,0.0952598893902383,0.11151089963991448
quiet_other_code_history,4433,590,0.13309271373787504,0.1234105270055117,0.14341024398849123
